<?xml version="1.0"?>
<skinlf-themepack require="1.2.11">

  <!--
    Information about this themepack
  -->
  <property name="skin.name"
	    value="admaDIC"/>
  <property name="skin.description"
	    value="admaDIC Style"/>
  <property name="skin.url"
	    value="http://www.admadic.de/" />

  <!--
    SkinLF custom properties
  -->
  <property name="JDesktopPane.backgroundEnabled" value="false" />
  <property name="JSplitPane.alternateUI" value="true" />
  <property name="PopupMenu.animation" value="false" />

  <!--
    Fonts
  -->
  <font name="Global" value="SansSerif,0,11" />
  <font name="InternalFrame.titleFont" value="Tahoma,1,11" />
  <font name="TabbedPane.font" value="Tahoma,0,11" />
  <font name="MenuBar.font" value="Tahoma,0,11" />
  <font name="MenuItem.font" value="Tahoma,0,11" />
  <font name="PopupMenu.font" value="Tahoma,0,11" />
  <font name="Menu.font" value="Tahoma,0,11" />


  <!--
    Icons
  -->
  <icon name="InternalFrame.icon" value="icons/window.png"/>

  <icon name="FileView.directoryIcon" value="icons/treeclosed.png"/>
  <icon name="FileView.fileIcon" value="icons/file.png"/>
  <icon name="FileView.computerIcon" value="icons/computer.png"/>
  <icon name="FileView.hardDriveIcon" value="icons/drivehd.png"/>
  <icon name="FileView.floppyDriveIcon" value="icons/drivefd.png"/>

  <icon name="FileChooser.newFolderIcon" value="icons/foldernew.png"/>
  <icon name="FileChooser.upFolderIcon" value="icons/folderup.png"/>
  <icon name="FileChooser.homeFolderIcon" value="icons/home.png"/>

  <icon name="Tree.openIcon" value="icons/treeopen.png"/>
  <icon name="Tree.closedIcon" value="icons/treeclosed.png"/>
  <icon name="Tree.leafIcon" value="icons/treeleaf.png"/>
  <icon name="Tree.expandedIcon" value="icons/treeexpanded.png"/>
  <icon name="Tree.collapsedIcon" value="icons/treecollapsed.png"/>  

  <icon name="OptionPane.errorIcon" value="icons/msgerr.png"/>
  <icon name="OptionPane.informationIcon" value="icons/msginfo.png"/>
  <icon name="OptionPane.warningIcon" value="icons/msgwarn.png"/>
  <icon name="OptionPane.questionIcon" value="icons/msgquest.png"/>

  <!--
    Borders
  -->
  <property name="TextField.border" type="LineBorder" color="#8AA7BE" padding="2"/>
  <property name="PasswordField.border" type="LineBorder" color="#8AA7BE" padding="2"/>

  <property name="TextArea.border" type="EmptyBorder" value="2,2,2,2"/>
  <property name="EditorPane.border" type="EmptyBorder" value="2,2,2,2"/>
  <property name="TextPane.border" type="EmptyBorder" value="2,2,2,2"/>
  <property name="List.border" type="EmptyBorder" value="0,0,0,0"/>
  <property name="Table.border" type="EmptyBorder" value="0,0,0,0"/>
  <property name="Tree.border" type="EmptyBorder" value="0,0,0,0"/>

  <property name="ScrollPane.border" type="LineBorder" color="#8AA7BE" padding="0"/>
  <property name="Spinner.border" type="LineBorder" color="#8AA7BE" padding="0"/>
  <property name="PopupMenu.border" type="LineBorder" color="#8AA7BE" padding="2"/>

  <property name="Menu.selectionForeground" type="Color" value="#666666"/>
  <property name="MenuItem.selectionForeground" type="Color" value="#666666"/>
  <property name="CheckBoxMenuItem.selectionForeground" type="Color" value="#666666"/>
  <property name="RadioButtonMenuItem.selectionForeground" type="Color" value="#666666"/>

  <!--
    Skin Definition
  -->
  <skin>
    <skin url="gtk/gtkrc"></skin>
    <skin url="kde/kde.themerc"></skin>
  </skin>

</skinlf-themepack>
